Country Name,Indicator Name,1960,1961,1962,1963,1964,1965,1966,1967,1968,1969,1970,1971,1972,1973,1974,1975,1976,1977,1978,1979,1980,1981,1982,1983,1984,1985,1986,1987,1988,1989,1990,1991,1992,1993,1994,1995,1996,1997,1998,1999,2000,2001,2002,2003,2004,2005,2006,2007,2008,2009,2010,2011,2012,2013,2014,2015,2016,2017,2018
Afghanistan,"International migrant stock, total",46468,,,,,49535,,,,,53051,,,,,57043,,,,,59021,,,,,56118,,,,,57686,..,..,..,..,71522,,,,,75917,,,,,87300,,,,,102246,,,,,382365,,,
Albania,"International migrant stock, total",48901,,,,,51409,,,,,54045,,,,,56816,,,,,59730,,,,,62793,,,,,66013,..,..,..,..,71354,,,,,76695,,,,,64739,,,,,52784,,,,,57616,,,
Algeria,"International migrant stock, total",430447,,,,,208299,,,,,168949,,,,,160287,,,,,184995,,,,,288665,,,,,273954,..,..,..,..,262032,,,,,250110,,,,,247537,,,,,244964,,,,,242391,,,
American Samoa,"International migrant stock, total",2384,,,,,4170,,,,,7248,,,,,10843,,,,,13594,,,,,17073,,,,,21283,..,..,..,..,23098,,,,,24912,,,,,24233,,,,,23555,,,,,23216,,,
Andorra,"International migrant stock, total",2497,,,,,6983,,,,,13446,,,,,18623,,,,,25792,,,,,32306,,,,,38904,..,..,..,..,40525,,,,,42146,,,,,50298,,,,,52053,,,,,42082,,,
Angola,"International migrant stock, total",122089,,,,,77075,,,,,48657,,,,,30717,,,,,89891,,,,,108854,,,,,33517,..,..,..,..,39813,,,,,46108,,,,,61329,,,,,76549,,,,,106845,,,
Antigua and Barbuda,"International migrant stock, total",4868,,,,,5807,,,,,6914,,,,,7941,,,,,9120,,,,,10474,,,,,12029,..,..,..,..,17550,,,,,23071,,,,,24741,,,,,26412,,,,,28083,,,
Argentina,"International migrant stock, total",2601188,,,,,2409183,,,,,2219411,,,,,2064199,,,,,1920798,,,,,1780443,,,,,1649919,..,..,..,..,1595069,,,,,1540219,,,,,1673088,,,,,1805957,,,,,2086302,,,
Armenia,"International migrant stock, total",,,,,,..,,,,,..,,,,,..,,,,,..,,,,,..,,,,,658789,..,..,..,..,693999,,,,,657900,,,,,469119,,,,,221560,,,,,191199,,,
Aruba,"International migrant stock, total",7893,,,,,7677,,,,,7466,,,,,7262,,,,,7063,,,,,9860,,,,,14444,..,..,..,..,22274,,,,,30104,,,,,32540,,,,,34327,,,,,36114,,,
Australia,"International migrant stock, total",1698085,,,,,2054727,,,,,2456522,,,,,2659453,,,,,2896444,,,,,3143480,,,,,3955213,..,..,..,..,4153330,,,,,4386250,,,,,4878030,,,,,5882980,,,,,6763663,,,
Austria,"International migrant stock, total",806643,,,,,744995,,,,,676679,,,,,721037,,,,,719958,,,,,728326,,,,,793239,..,..,..,..,894893,,,,,996547,,,,,1136270,,,,,1275992,,,,,1492374,,,
Azerbaijan,"International migrant stock, total",,,,,,..,,,,,..,,,,,..,,,,,..,,,,,..,,,,,360600,..,..,..,..,344070,,,,,327540,,,,,302220,,,,,276901,,,,,264241,,,
"Bahamas, The","International migrant stock, total",11331,,,,,18754,,,,,30916,,,,,27217,,,,,24078,,,,,25429,,,,,26855,..,..,..,..,31654,,,,,36454,,,,,45595,,,,,54736,,,,,59306,,,
Bahrain,"International migrant stock, total",26733,,,,,38357,,,,,37946,,,,,60092,,,,,103466,,,,,137052,,,,,173212,..,..,..,..,205979,,,,,239361,,,,,404018,,,,,657856,,,,,704137,,,
Bangladesh,"International migrant stock, total",661411,,,,,685166,,,,,726989,,,,,768579,,,,,804526,,,,,842155,,,,,881617,..,..,..,..,934735,,,,,987853,,,,,1166700,,,,,1345546,,,,,1422805,,,
Barbados,"International migrant stock, total",9760,,,,,11443,,,,,13420,,,,,15850,,,,,18671,,,,,19985,,,,,24024,..,..,..,..,26224,,,,,28424,,,,,30624,,,,,32825,,,,,34475,,,
Belarus,"International migrant stock, total",,,,,,..,,,,,..,,,,,..,,,,,..,,,,,..,,,,,1248977,..,..,..,..,1186282,,,,,1123586,,,,,1106982,,,,,1090378,,,,,1082905,,,
Belgium,"International migrant stock, total",441555,,,,,606859,,,,,695361,,,,,820201,,,,,896823,,,,,871821,,,,,891537,..,..,..,..,885278,,,,,853369,,,,,870862,,,,,1052844,,,,,1387940,,,
Belize,"International migrant stock, total",7621,,,,,8831,,,,,10197,,,,,10953,,,,,13859,,,,,25673,,,,,30404,..,..,..,..,33446,,,,,36488,,,,,41424,,,,,46360,,,,,53860,,,
Benin,"International migrant stock, total",34019,,,,,38777,,,,,44750,,,,,50383,,,,,57430,,,,,67713,,,,,76212,..,..,..,..,104971,,,,,133730,,,,,171499,,,,,209267,,,,,245399,,,
Bermuda,"International migrant stock, total",8749,,,,,11083,,,,,14258,,,,,14335,,,,,14189,,,,,14917,,,,,15683,..,..,..,..,16676,,,,,17668,,,,,18276,,,,,18884,,,,,19126,,,
Bhutan,"International migrant stock, total",9676,,,,,11243,,,,,13063,,,,,15178,,,,,17635,,,,,20490,,,,,23807,..,..,..,..,27972,,,,,32137,,,,,40279,,,,,48420,,,,,51106,,,
Bolivia,"International migrant stock, total",42709,,,,,46944,,,,,51599,,,,,56715,,,,,58481,,,,,59033,,,,,73758,..,..,..,..,83598,,,,,92658,,,,,107745,,,,,122846,,,,,142989,,,
Bosnia and Herzegovina,"International migrant stock, total",..,,,,,..,,,,,..,,,,,..,,,,,..,,,,,..,,,,,56000,..,..,..,..,69476,,,,,82952,,,,,47272,,,,,38792,,,,,34803,,,
Botswana,"International migrant stock, total",7199,,,,,8655,,,,,10404,,,,,12507,,,,,15036,,,,,20034,,,,,27510,..,..,..,..,40168,,,,,57064,,,,,88829,,,,,120912,,,,,160644,,,
Brazil,"International migrant stock, total",1397119,,,,,1314922,,,,,1231834,,,,,1170533,,,,,1112834,,,,,944562,,,,,798517,..,..,..,..,741557,,,,,684596,,,,,638582,,,,,592568,,,,,713568,,,
British Virgin Islands,"International migrant stock, total",651,,,,,1464,,,,,3180,,,,,3513,,,,,3906,,,,,5444,,,,,8035,..,..,..,..,10046,,,,,12058,,,,,13808,,,,,15558,,,,,17308,,,
Brunei Darussalam,"International migrant stock, total",20562,,,,,26038,,,,,32903,,,,,41032,,,,,50977,,,,,61374,,,,,73200,..,..,..,..,84748,,,,,96296,,,,,98441,,,,,100587,,,,,102733,,,
Bulgaria,"International migrant stock, total",20295,,,,,20783,,,,,21189,,,,,21513,,,,,21709,,,,,21846,,,,,21510,..,..,..,..,32435,,,,,43360,,,,,61074,,,,,76287,,,,,102113,,,
Burkina Faso,"International migrant stock, total",62943,,,,,74981,,,,,89322,,,,,106405,,,,,170487,,,,,273256,,,,,349657,..,..,..,..,434848,,,,,520039,,,,,596972,,,,,673904,,,,,704676,,,
Burundi,"International migrant stock, total",126323,,,,,184633,,,,,143820,,,,,139741,,,,,223791,,,,,343406,,,,,333110,..,..,..,..,254853,,,,,125628,,,,,172874,,,,,235259,,,,,286810,,,
Cabo Verde,"International migrant stock, total",6613,,,,,6953,,,,,7310,,,,,7685,,,,,8080,,,,,8495,,,,,8931,..,..,..,..,9979,,,,,11027,,,,,12700,,,,,14373,,,,,14924,,,
Cambodia,"International migrant stock, total",381271,,,,,373625,,,,,342322,,,,,14551,,,,,4168,,,,,12647,,,,,38375,..,..,..,..,92230,,,,,146085,,,,,114031,,,,,81977,,,,,73963,,,
Cameroon,"International migrant stock, total",175430,,,,,187956,,,,,201375,,,,,215753,,,,,231157,,,,,247661,,,,,265344,..,..,..,..,246864,,,,,228383,,,,,258737,,,,,289091,,,,,381984,,,
Canada,"International migrant stock, total",2766304,,,,,3020552,,,,,3251353,,,,,3517845,,,,,3810578,,,,,3900558,,,,,4333318,..,..,..,..,4864778,,,,,5511914,,,,,6078985,,,,,7011226,,,,,7835502,,,
Cayman Islands,"International migrant stock, total",957,,,,,1220,,,,,1586,,,,,3069,,,,,5722,,,,,8583,,,,,9387,..,..,..,..,14320,,,,,19253,,,,,21655,,,,,24057,,,,,23726,,,
Central African Republic,"International migrant stock, total",43128,,,,,45905,,,,,48861,,,,,52007,,,,,55355,,,,,58919,,,,,67234,..,..,..,..,99712,,,,,123529,,,,,94449,,,,,93466,,,,,81598,,,
Chad,"International migrant stock, total",55072,,,,,57896,,,,,60865,,,,,63986,,,,,67267,,,,,70716,,,,,74342,..,..,..,..,89584,,,,,104825,,,,,352062,,,,,416924,,,,,516968,,,
Channel Islands,"International migrant stock, total",33482,,,,,39739,,,,,47165,,,,,50280,,,,,52493,,,,,38770,,,,,61660,..,..,..,..,60519,,,,,64301,,,,,70941,,,,,77581,,,,,82307,,,
Chile,"International migrant stock, total",104805,,,,,97551,,,,,90271,,,,,85985,,,,,81903,,,,,90096,,,,,107501,..,..,..,..,142417,,,,,177332,,,,,273384,,,,,369436,,,,,469436,,,
China,"International migrant stock, total",245684,,,,,260479,,,,,280404,,,,,298474,,,,,311194,,,,,323937,,,,,376361,..,..,..,..,442198,,,,,508034,,,,,678947,,,,,849861,,,,,978046,,,
Colombia,"International migrant stock, total",58675,,,,,74918,,,,,79591,,,,,84796,,,,,90848,,,,,97331,,,,,104277,..,..,..,..,106943,,,,,109609,,,,,107612,,,,,124271,,,,,133134,,,
Comoros,"International migrant stock, total",1507,,,,,2138,,,,,3614,,,,,7098,,,,,14655,,,,,14364,,,,,14079,..,..,..,..,13939,,,,,13799,,,,,13209,,,,,12618,,,,,12555,,,
"Congo, Dem. Rep.","International migrant stock, total",1006930,,,,,1322475,,,,,1424581,,,,,1218362,,,,,1204366,,,,,725303,,,,,754194,..,..,..,..,1816963,,,,,744387,,,,,622869,,,,,588950,,,,,545694,,,
"Congo, Rep.","International migrant stock, total",26315,,,,,34324,,,,,44771,,,,,58398,,,,,76172,,,,,99356,,,,,129597,..,..,..,..,191635,,,,,305002,,,,,315238,,,,,419649,,,,,392996,,,
Costa Rica,"International migrant stock, total",32693,,,,,32073,,,,,25432,,,,,29169,,,,,68657,,,,,116745,,,,,417628,..,..,..,..,364287,,,,,310946,,,,,358175,,,,,405404,,,,,421697,,,
Cote d'Ivoire,"International migrant stock, total",767019,,,,,956111,,,,,1191820,,,,,1391404,,,,,1520693,,,,,1661995,,,,,1816426,..,..,..,..,2076394,,,,,1994135,,,,,2010824,,,,,2095185,,,,,2175399,,,
Croatia,"International migrant stock, total",..,,,,,..,,,,,,,,,,,,,,,,,,,,,,,,,475438,..,..,..,..,674085,,,,,585298,,,,,579273,,,,,573248,,,,,576883,,,
Cuba,"International migrant stock, total",143616,,,,,136612,,,,,129950,,,,,93317,,,,,67010,,,,,48120,,,,,34555,..,..,..,..,26187,,,,,17818,,,,,17023,,,,,14818,,,,,13336,,,
Curacao,"International migrant stock, total",..,,,,,..,,,,,,,,,,,,,,,,,,,,,,,,,,,,,,,,,,,..,,,,,..,,,,,34627,,,,,37611,,,
Cyprus,"International migrant stock, total",29589,,,,,32483,,,,,34485,,,,,36610,,,,,38866,,,,,41262,,,,,43805,..,..,..,..,61941,,,,,80076,,,,,117165,,,,,187923,,,,,196167,,,
Czech Republic,"International migrant stock, total",..,,,,,..,,,,,..,,,,,..,,,,,..,,,,,..,,,,,110394,..,..,..,..,165592,,,,,220789,,,,,322540,,,,,397785,,,,,405093,,,
Denmark,"International migrant stock, total",93989,,,,,99954,,,,,117442,,,,,138684,,,,,163769,,,,,195793,,,,,235189,..,..,..,..,303108,,,,,371026,,,,,440383,,,,,509740,,,,,572520,,,
Djibouti,"International migrant stock, total",11766,,,,,15883,,,,,21440,,,,,28941,,,,,80230,,,,,67188,,,,,122221,..,..,..,..,99774,,,,,100507,,,,,92091,,,,,101575,,,,,112351,,,
Dominica,"International migrant stock, total",2390,,,,,2219,,,,,2061,,,,,1913,,,,,1777,,,,,2072,,,,,2519,..,..,..,..,3121,,,,,3723,,,,,4744,,,,,5765,,,,,6720,,,
Dominican Republic,"International migrant stock, total",144583,,,,,167981,,,,,195166,,,,,215691,,,,,238375,,,,,263445,,,,,291151,..,..,..,..,323381,,,,,355611,,,,,376001,,,,,393720,,,,,415564,,,
Ecuador,"International migrant stock, total",24061,,,,,32827,,,,,44787,,,,,59315,,,,,70354,,,,,77169,,,,,78663,..,..,..,..,115093,,,,,151523,,,,,187404,,,,,325366,,,,,387513,,,
"Egypt, Arab Rep.","International migrant stock, total",212376,,,,,208115,,,,,203514,,,,,196071,,,,,188889,,,,,182920,,,,,173708,..,..,..,..,166955,,,,,173452,,,,,274001,,,,,295714,,,,,491643,,,
El Salvador,"International migrant stock, total",34446,,,,,34453,,,,,32534,,,,,30963,,,,,29719,,,,,28258,,,,,47360,..,..,..,..,39537,,,,,31713,,,,,36019,,,,,40324,,,,,42045,,,
Equatorial Guinea,"International migrant stock, total",19351,,,,,13970,,,,,10086,,,,,7282,,,,,5257,,,,,3795,,,,,2740,..,..,..,..,3629,,,,,4517,,,,,6588,,,,,8658,,,,,10825,,,
Eritrea,"International migrant stock, total",7703,,,,,8266,,,,,8896,,,,,9585,,,,,10323,,,,,11040,,,,,11848,..,..,..,..,12400,,,,,12952,,,,,14314,,,,,15676,,,,,15941,,,
Estonia,"International migrant stock, total",..,,,,,..,,,,,..,,,,,..,,,,,..,,,,,..,,,,,381997,..,..,..,..,315755,,,,,249512,,,,,233701,,,,,217890,,,,,202348,,,
Eswatini,"International migrant stock, total",16944,,,,,34813,,,,,33766,,,,,27735,,,,,33740,,,,,40960,,,,,72085,..,..,..,..,25031,,,,,22855,,,,,27097,,,,,30476,,,,,31579,,,
Ethiopia,"International migrant stock, total",393260,,,,,383551,,,,,394582,,,,,392082,,,,,404192,,,,,583658,,,,,1155390,..,..,..,..,806904,,,,,611384,,,,,514242,,,,,567720,,,,,1072949,,,
Faroe Islands,"International migrant stock, total",1489,,,,,1716,,,,,1978,,,,,2280,,,,,2628,,,,,3029,,,,,4285,..,..,..,..,2900,,,,,3593,,,,,4583,,,,,5096,,,,,5517,,,
Fiji,"International migrant stock, total",20078,,,,,17953,,,,,16394,,,,,15071,,,,,14025,,,,,13103,,,,,13283,..,..,..,..,13001,,,,,12719,,,,,12435,,,,,13351,,,,,13751,,,
Finland,"International migrant stock, total",32084,,,,,32196,,,,,32491,,,,,35352,,,,,38789,,,,,48822,,,,,63255,..,..,..,..,99729,,,,,136203,,,,,192169,,,,,248135,,,,,315881,,,
France,"International migrant stock, total",3507213,,,,,4447230,,,,,5210336,,,,,5571664,,,,,5890633,,,,,5952820,,,,,5897267,..,..,..,..,6087993,,,,,6278718,,,,,6737600,,,,,7196481,,,,,7784418,,,
French Polynesia,"International migrant stock, total",3665,,,,,5480,,,,,8194,,,,,12252,,,,,18015,,,,,23734,,,,,25830,..,..,..,..,28360,,,,,30329,,,,,32286,,,,,31640,,,,,30058,,,
Gabon,"International migrant stock, total",20865,,,,,29030,,,,,40391,,,,,61887,,,,,94824,,,,,110027,,,,,127980,..,..,..,..,152972,,,,,195571,,,,,214123,,,,,243992,,,,,268384,,,
"Gambia, The","International migrant stock, total",31551,,,,,39073,,,,,48389,,,,,60210,,,,,75374,,,,,94358,,,,,118123,..,..,..,..,150890,,,,,182514,,,,,181905,,,,,185763,,,,,192540,,,
Georgia,"International migrant stock, total",..,,,,,..,,,,,..,,,,,..,,,,,..,,,,,..,,,,,338300,..,..,..,..,278450,,,,,218600,,,,,199805,,,,,182202,,,,,168802,,,
Germany,"International migrant stock, total",..,,,,,..,,,,,..,,,,,..,,,,,..,,,,,..,,,,,5936181,..,..,..,..,7464406,,,,,8992631,,,,,10299160,,,,,11605690,,,,,12005690,,,
Ghana,"International migrant stock, total",529720,,,,,427416,,,,,351973,,,,,384784,,,,,420653,,,,,494449,,,,,164851,..,..,..,..,252879,,,,,191601,,,,,304436,,,,,337017,,,,,399471,,,
Gibraltar,"International migrant stock, total",6765,,,,,7681,,,,,9071,,,,,9436,,,,,9747,,,,,9404,,,,,8709,..,..,..,..,8381,,,,,8054,,,,,9211,,,,,10369,,,,,11065,,,
Greece,"International migrant stock, total",52495,,,,,68707,,,,,89572,,,,,123472,,,,,171755,,,,,309261,,,,,618139,..,..,..,..,857850,,,,,1111665,,,,,1190707,,,,,1269749,,,,,1242514,,,
Greenland,"International migrant stock, total",2591,,,,,4269,,,,,7225,,,,,8571,,,,,8820,,,,,9277,,,,,9416,..,..,..,..,7320,,,,,6755,,,,,6686,,,,,6226,,,,,6009,,,
Grenada,"International migrant stock, total",4011,,,,,3549,,,,,3140,,,,,2778,,,,,2458,,,,,3123,,,,,4263,..,..,..,..,5544,,,,,6825,,,,,6902,,,,,6980,,,,,7057,,,
Guam,"International migrant stock, total",31001,,,,,34190,,,,,37806,,,,,43897,,,,,50997,,,,,59836,,,,,69755,..,..,..,..,71912,,,,,74070,,,,,74743,,,,,75416,,,,,76089,,,
Guatemala,"International migrant stock, total",43309,,,,,47677,,,,,40772,,,,,38201,,,,,42021,,,,,81584,,,,,264257,..,..,..,..,156188,,,,,48119,,,,,57252,,,,,66384,,,,,76352,,,
Guinea,"International migrant stock, total",11313,,,,,13818,,,,,16878,,,,,20615,,,,,25180,,,,,30755,,,,,403621,..,..,..,..,774505,,,,,560075,,,,,229611,,,,,205111,,,,,228413,,,
Guinea-Bissau,"International migrant stock, total",11643,,,,,11938,,,,,12241,,,,,12551,,,,,12869,,,,,12614,,,,,15368,..,..,..,..,27961,,,,,20450,,,,,20736,,,,,21061,,,,,22333,,,
Guyana,"International migrant stock, total",14035,,,,,13454,,,,,12715,,,,,8979,,,,,6363,,,,,5105,,,,,4095,..,..,..,..,6352,,,,,8610,,,,,10868,,,,,13126,,,,,15384,,,
Haiti,"International migrant stock, total",14533,,,,,12718,,,,,11130,,,,,12118,,,,,14098,,,,,16403,,,,,19084,..,..,..,..,22458,,,,,25832,,,,,30468,,,,,35104,,,,,39529,,,
Honduras,"International migrant stock, total",60024,,,,,37807,,,,,20625,,,,,14434,,,,,32767,,,,,82874,,,,,270423,..,..,..,..,149442,,,,,28461,,,,,27875,,,,,27288,,,,,28070,,,
"Hong Kong SAR, China","International migrant stock, total",1627488,,,,,1696828,,,,,1715474,,,,,1884492,,,,,2100549,,,,,2184333,,,,,2218473,..,..,..,..,2443798,,,,,2669122,,,,,2721235,,,,,2779950,,,,,2838665,,,
Hungary,"International migrant stock, total",518137,,,,,475994,,,,,437279,,,,,401713,,,,,369039,,,,,339023,,,,,347510,..,..,..,..,322234,,,,,296957,,,,,366787,,,,,436616,,,,,449632,,,
Iceland,"International migrant stock, total",3317,,,,,4515,,,,,4914,,,,,5279,,,,,5765,,,,,7098,,,,,9584,..,..,..,..,12738,,,,,15892,,,,,25492,,,,,35091,,,,,37522,,,
India,"International migrant stock, total",9410535,,,,,9350557,,,,,9181520,,,,,9011238,,,,,8845466,,,,,8131017,,,,,7493204,..,..,..,..,6952238,,,,,6411272,,,,,5923642,,,,,5436012,,,,,5240960,,,
Indonesia,"International migrant stock, total",1859466,,,,,1475121,,,,,1170220,,,,,928340,,,,,756851,,,,,593098,,,,,465612,..,..,..,..,378960,,,,,292307,,,,,289568,,,,,305416,,,,,328846,,,
"Iran, Islamic Rep.","International migrant stock, total",48374,,,,,53761,,,,,86165,,,,,157166,,,,,555455,,,,,2855231,,,,,4291601,..,..,..,..,2937668,,,,,2803805,,,,,2568930,,,,,2761561,,,,,2726420,,,
Iraq,"International migrant stock, total",87752,,,,,78709,,,,,74870,,,,,71219,,,,,68826,,,,,111660,,,,,83638,..,..,..,..,199460,,,,,210525,,,,,132915,,,,,117389,,,,,353881,,,
Ireland,"International migrant stock, total",73019,,,,,94397,,,,,130411,,,,,171429,,,,,223238,,,,,225285,,,,,227961,..,..,..,..,226892,,,,,350552,,,,,589046,,,,,730542,,,,,746260,,,
Isle of Man,"International migrant stock, total",22192,,,,,23916,,,,,25775,,,,,27777,,,,,29936,,,,,32262,,,,,34769,..,..,..,..,36886,,,,,39002,,,,,41475,,,,,43447,,,,,45221,,,
Israel,"International migrant stock, total",1185573,,,,,1291182,,,,,1408744,,,,,1446242,,,,,1430985,,,,,1522681,,,,,1632704,..,..,..,..,1792185,,,,,1851309,,,,,1889503,,,,,1950615,,,,,2011727,,,
Italy,"International migrant stock, total",459553,,,,,629595,,,,,862556,,,,,1006374,,,,,1108852,,,,,1252814,,,,,1428219,..,..,..,..,1774954,,,,,2121688,,,,,3954790,,,,,5787893,,,,,5788875,,,
Jamaica,"International migrant stock, total",21904,,,,,23994,,,,,26100,,,,,24598,,,,,23182,,,,,21916,,,,,20475,..,..,..,..,22713,,,,,24952,,,,,24314,,,,,23677,,,,,23167,,,
Japan,"International migrant stock, total",692651,,,,,712854,,,,,725139,,,,,770342,,,,,802422,,,,,850775,,,,,1075626,..,..,..,..,1381097,,,,,1686567,,,,,2012916,,,,,2134151,,,,,2043877,,,
Jordan,"International migrant stock, total",385789,,,,,453521,,,,,531617,,,,,675638,,,,,810326,,,,,942798,,,,,1146349,..,..,..,..,1537097,,,,,1927845,,,,,2325414,,,,,2722983,,,,,3112026,,,
Kazakhstan,"International migrant stock, total",..,,,,,..,,,,,..,,,,,..,,,,,..,,,,,..,,,,,3619200,..,..,..,..,3245250,,,,,2871300,,,,,3102962,,,,,3334623,,,,,3546778,,,
Kenya,"International migrant stock, total",59330,,,,,101581,,,,,159044,,,,,160512,,,,,159892,,,,,151664,,,,,297292,..,..,..,..,618745,,,,,699139,,,,,756894,,,,,926959,,,,,1084357,,,
Kiribati,"International migrant stock, total",610,,,,,602,,,,,587,,,,,771,,,,,1639,,,,,2055,,,,,2162,..,..,..,..,2223,,,,,2283,,,,,2487,,,,,2868,,,,,3153,,,
"Korea, Dem. People’s Rep.","International migrant stock, total",25072,,,,,26596,,,,,28568,,,,,30345,,,,,31588,,,,,32859,,,,,34103,..,..,..,..,35143,,,,,36183,,,,,40097,,,,,44010,,,,,48458,,,
"Korea, Rep.","International migrant stock, total",135551,,,,,156147,,,,,179873,,,,,305275,,,,,528810,,,,,559921,,,,,43017,..,..,..,..,123886,,,,,244178,,,,,485546,,,,,919275,,,,,1327324,,,
Kosovo,"International migrant stock, total",..,,,,,..,,,,,..,,,,,..,,,,,..,,,,,..,,,,,..,..,..,..,..,..,,,,,..,,,,,..,,,,,..,,,,,..,,,
Kuwait,"International migrant stock, total",90629,,,,,240583,,,,,463366,,,,,664156,,,,,966341,,,,,1240806,,,,,1074391,..,..,..,..,921954,,,,,1127640,,,,,1333327,,,,,1871537,,,,,2866136,,,
Kyrgyz Republic,"International migrant stock, total",..,,,,,..,,,,,..,,,,,..,,,,,..,,,,,..,,,,,623083,..,..,..,..,510296,,,,,389558,,,,,312897,,,,,231511,,,,,204382,,,
Lao PDR,"International migrant stock, total",19646,,,,,20177,,,,,20688,,,,,21247,,,,,26990,,,,,22901,,,,,22866,..,..,..,..,23526,,,,,21948,,,,,20371,,,,,21185,,,,,22244,,,
Latvia,"International migrant stock, total",..,,,,,..,,,,,..,,,,,..,,,,,..,,,,,..,,,,,646007,..,..,..,..,538093,,,,,430178,,,,,376725,,,,,313786,,,,,263126,,,
Lebanon,"International migrant stock, total",151443,,,,,174368,,,,,190842,,,,,208567,,,,,241367,,,,,347773,,,,,523693,..,..,..,..,608303,,,,,692913,,,,,756784,,,,,820655,,,,,1997776,,,
Lesotho,"International migrant stock, total",3165,,,,,3633,,,,,4205,,,,,4977,,,,,10655,,,,,17528,,,,,8240,..,..,..,..,7204,,,,,6167,,,,,6290,,,,,6414,,,,,6572,,,
Liberia,"International migrant stock, total",28811,,,,,37614,,,,,49605,,,,,63597,,,,,80706,,,,,82969,,,,,94964,..,..,..,..,208563,,,,,151868,,,,,87188,,,,,99129,,,,,113779,,,
Libya,"International migrant stock, total",48210,,,,,56320,,,,,122167,,,,,223398,,,,,310558,,,,,413947,,,,,457075,..,..,..,..,508041,,,,,567436,,,,,625212,,,,,683998,,,,,771146,,,
Liechtenstein,"International migrant stock, total",4070,,,,,5328,,,,,7012,,,,,8076,,,,,9302,,,,,9888,,,,,10906,..,..,..,..,13311,,,,,15483,,,,,18898,,,,,22342,,,,,23493,,,
Lithuania,"International migrant stock, total",..,,,,,..,,,,,..,,,,,..,,,,,..,,,,,..,,,,,349258,..,..,..,..,273587,,,,,214311,,,,,201209,,,,,160772,,,,,136036,,,
Luxembourg,"International migrant stock, total",46372,,,,,52150,,,,,58648,,,,,70058,,,,,84251,,,,,98186,,,,,113795,..,..,..,..,126106,,,,,139750,,,,,150618,,,,,163142,,,,,249325,,,
"Macao SAR, China","International migrant stock, total",79831,,,,,88227,,,,,97506,,,,,107761,,,,,119095,,,,,154518,,,,,205047,..,..,..,..,224929,,,,,240791,,,,,279308,,,,,318506,,,,,342703,,,
Madagascar,"International migrant stock, total",126298,,,,,98361,,,,,72604,,,,,53591,,,,,50977,,,,,48490,,,,,23917,..,..,..,..,21177,,,,,23541,,,,,26058,,,,,28905,,,,,32075,,,
Malawi,"International migrant stock, total",297710,,,,,295078,,,,,292470,,,,,289884,,,,,287322,,,,,284782,,,,,1127724,..,..,..,..,241624,,,,,232620,,,,,221661,,,,,217722,,,,,215158,,,
Malaysia,"International migrant stock, total",56895,,,,,204679,,,,,736323,,,,,717901,,,,,789130,,,,,908395,,,,,695920,..,..,..,..,937368,,,,,1277223,,,,,1722344,,,,,2406011,,,,,2514243,,,
Maldives,"International migrant stock, total",1703,,,,,1802,,,,,1916,,,,,2055,,,,,2225,,,,,2422,,,,,8689,..,..,..,..,18510,,,,,27092,,,,,45045,,,,,73604,,,,,94086,,,
Mali,"International migrant stock, total",167597,,,,,166053,,,,,164523,,,,,163008,,,,,161506,,,,,160019,,,,,160736,..,..,..,..,176187,,,,,189475,,,,,256797,,,,,336607,,,,,363145,,,
Malta,"International migrant stock, total",1712,,,,,6320,,,,,10401,,,,,8104,,,,,6313,,,,,4919,,,,,15077,..,..,..,..,17740,,,,,21521,,,,,24560,,,,,33084,,,,,41442,,,
Marshall Islands,"International migrant stock, total",846,,,,,936,,,,,1035,,,,,1144,,,,,1265,,,,,1399,,,,,1158,..,..,..,..,1480,,,,,1891,,,,,2417,,,,,3089,,,,,3284,,,
Mauritania,"International migrant stock, total",12058,,,,,15592,,,,,20163,,,,,26073,,,,,33716,,,,,43599,,,,,111650,..,..,..,..,89562,,,,,57366,,,,,58119,,,,,84679,,,,,138162,,,
Mauritius,"International migrant stock, total",10238,,,,,10507,,,,,10517,,,,,10199,,,,,9686,,,,,9198,,,,,3613,..,..,..,..,7493,,,,,15543,,,,,19647,,,,,24836,,,,,28585,,,
Mexico,"International migrant stock, total",223245,,,,,205886,,,,,195369,,,,,230346,,,,,294258,,,,,479104,,,,,695674,..,..,..,..,458549,,,,,538051,,,,,712487,,,,,969538,,,,,1193155,,,
"Micronesia, Fed. Sts.","International migrant stock, total",5848,,,,,5563,,,,,5292,,,,,5034,,,,,4542,,,,,4098,,,,,3685,..,..,..,..,3342,,,,,3116,,,,,2905,,,,,2805,,,,,2756,,,
Moldova,"International migrant stock, total",..,,,,,..,,,,,..,,,,,..,,,,,..,,,,,..,,,,,544162,..,..,..,..,367231,,,,,247828,,,,,173957,,,,,157668,,,,,142904,,,
Monaco,"International migrant stock, total",15380,,,,,15260,,,,,15530,,,,,16296,,,,,17466,,,,,18719,,,,,20359,..,..,..,..,21060,,,,,21787,,,,,21312,,,,,21132,,,,,21042,,,
Mongolia,"International migrant stock, total",3684,,,,,4072,,,,,4501,,,,,4975,,,,,5499,,,,,6078,,,,,6718,..,..,..,..,7424,,,,,8206,,,,,11475,,,,,16061,,,,,17620,,,
Montenegro,"International migrant stock, total",..,,,,,..,,,,,..,,,,,..,,,,,..,,,,,..,,,,,..,..,..,..,..,..,,,,,..,,,,,..,,,,,78507,,,,,82541,,,
Morocco,"International migrant stock, total",394340,,,,,223034,,,,,126146,,,,,90479,,,,,69130,,,,,59972,,,,,54895,..,..,..,..,50360,,,,,53034,,,,,54379,,,,,70909,,,,,88511,,,
Mozambique,"International migrant stock, total",8949,,,,,8022,,,,,7791,,,,,37011,,,,,104807,,,,,60894,,,,,122332,..,..,..,..,168256,,,,,195702,,,,,204830,,,,,214612,,,,,222928,,,
Myanmar,"International migrant stock, total",286559,,,,,279484,,,,,272584,,,,,265854,,,,,188051,,,,,133053,,,,,133545,..,..,..,..,113663,,,,,98011,,,,,83025,,,,,76414,,,,,73308,,,
Namibia,"International migrant stock, total",27218,,,,,34460,,,,,43628,,,,,55236,,,,,69932,,,,,88539,,,,,120641,..,..,..,..,115372,,,,,134403,,,,,106274,,,,,102405,,,,,93888,,,
Nauru,"International migrant stock, total",410,,,,,951,,,,,1596,,,,,2634,,,,,3217,,,,,3645,,,,,2815,..,..,..,..,2605,,,,,2394,,,,,2253,,,,,2112,,,,,3178,,,
Nepal,"International migrant stock, total",337636,,,,,344550,,,,,345489,,,,,299373,,,,,251180,,,,,313922,,,,,429974,..,..,..,..,690225,,,,,717900,,,,,679457,,,,,578657,,,,,518278,,,
Netherlands,"International migrant stock, total",446620,,,,,341683,,,,,261402,,,,,343752,,,,,490976,,,,,761421,,,,,1182263,..,..,..,..,1346164,,,,,1556337,,,,,1736127,,,,,1832510,,,,,1979486,,,
New Caledonia,"International migrant stock, total",10979,,,,,17630,,,,,23392,,,,,32108,,,,,33811,,,,,34648,,,,,37673,..,..,..,..,43662,,,,,49651,,,,,55405,,,,,61158,,,,,64290,,,
New Zealand,"International migrant stock, total",333859,,,,,386145,,,,,409446,,,,,492857,,,,,470394,,,,,480043,,,,,518047,..,..,..,..,588617,,,,,678813,,,,,839952,,,,,947443,,,,,1039736,,,
Nicaragua,"International migrant stock, total",12384,,,,,15079,,,,,20896,,,,,22675,,,,,25533,,,,,42205,,,,,41421,..,..,..,..,26619,,,,,30389,,,,,34918,,,,,37333,,,,,40262,,,
Niger,"International migrant stock, total",55008,,,,,63911,,,,,74254,,,,,86271,,,,,100233,,,,,116455,,,,,115464,..,..,..,..,145999,,,,,122260,,,,,124461,,,,,126464,,,,,189255,,,
Nigeria,"International migrant stock, total",94133,,,,,121891,,,,,157835,,,,,704377,,,,,1314845,,,,,347909,,,,,456621,..,..,..,..,462999,,,,,487882,,,,,648019,,,,,920118,,,,,1199115,,,
North Macedonia,"International migrant stock, total",..,,,,,..,,,,,..,,,,,..,,,,,..,,,,,..,,,,,95142,..,..,..,..,109343,,,,,125665,,,,,127667,,,,,129701,,,,,130730,,,
Northern Mariana Islands,"International migrant stock, total",2648,,,,,3077,,,,,3576,,,,,4155,,,,,4828,,,,,15870,,,,,26593,..,..,..,..,32376,,,,,40122,,,,,37542,,,,,24168,,,,,21648,,,
Norway,"International migrant stock, total",61591,,,,,69216,,,,,78507,,,,,98597,,,,,123248,,,,,147660,,,,,192587,..,..,..,..,233302,,,,,292440,,,,,361144,,,,,526799,,,,,741813,,,
Oman,"International migrant stock, total",43656,,,,,52362,,,,,62804,,,,,75328,,,,,146043,,,,,282251,,,,,304000,..,..,..,..,539643,,,,,623608,,,,,666160,,,,,816221,,,,,1844978,,,
Pakistan,"International migrant stock, total",6350296,,,,,5698452,,,,,5105556,,,,,4574348,,,,,5012524,,,,,6288210,,,,,6208204,..,..,..,..,3669308,,,,,4181912,,,,,3171132,,,,,3941586,,,,,3628956,,,
Palau,"International migrant stock, total",318,,,,,370,,,,,430,,,,,500,,,,,581,,,,,1310,,,,,2801,..,..,..,..,4749,,,,,6310,,,,,6043,,,,,5787,,,,,5664,,,
Panama,"International migrant stock, total",68320,,,,,63026,,,,,58561,,,,,52791,,,,,47894,,,,,54321,,,,,62744,..,..,..,..,70848,,,,,83410,,,,,117563,,,,,157309,,,,,184710,,,
Papua New Guinea,"International migrant stock, total",20189,,,,,31694,,,,,49755,,,,,43690,,,,,34088,,,,,40373,,,,,32720,..,..,..,..,33526,,,,,25101,,,,,29967,,,,,25424,,,,,25782,,,
Paraguay,"International migrant stock, total",50010,,,,,56449,,,,,73061,,,,,100929,,,,,145743,,,,,174301,,,,,195884,..,..,..,..,186570,,,,,176608,,,,,168243,,,,,160299,,,,,156462,,,
Peru,"International migrant stock, total",66524,,,,,66892,,,,,67104,,,,,67097,,,,,66954,,,,,61845,,,,,65025,..,..,..,..,56732,,,,,66293,,,,,77541,,,,,84066,,,,,90881,,,
Philippines,"International migrant stock, total",219676,,,,,219555,,,,,217435,,,,,162045,,,,,134439,,,,,145508,,,,,154071,..,..,..,..,207345,,,,,318095,,,,,257468,,,,,208599,,,,,211862,,,
Poland,"International migrant stock, total",2424881,,,,,2249668,,,,,2088027,,,,,1807979,,,,,1544789,,,,,1319912,,,,,1127771,..,..,..,..,964725,,,,,825251,,,,,722509,,,,,642417,,,,,619403,,,
Portugal,"International migrant stock, total",38899,,,,,62876,,,,,101633,,,,,164280,,,,,265543,,,,,346232,,,,,435782,..,..,..,..,532822,,,,,651472,,,,,771184,,,,,762825,,,,,837257,,,
Puerto Rico,"International migrant stock, total",64063,,,,,111040,,,,,188959,,,,,227027,,,,,271449,,,,,295869,,,,,321909,..,..,..,..,338067,,,,,355038,,,,,352144,,,,,304969,,,,,274972,,,
Qatar,"International migrant stock, total",14400,,,,,34091,,,,,68339,,,,,119182,,,,,165426,,,,,281907,,,,,309753,..,..,..,..,361673,,,,,359697,,,,,646026,,,,,1456413,,,,,1687640,,,
Romania,"International migrant stock, total",330878,,,,,329228,,,,,283837,,,,,239035,,,,,201305,,,,,169530,,,,,135825,..,..,..,..,135037,,,,,126949,,,,,145162,,,,,155982,,,,,226943,,,
Russian Federation,"International migrant stock, total",..,,,,,..,,,,,..,,,,,..,,,,,..,,,,,..,,,,,11524948,..,..,..,..,11928927,,,,,11900297,,,,,11667588,,,,,11194710,,,,,11643276,,,
Rwanda,"International migrant stock, total",28531,,,,,33441,,,,,35759,,,,,46732,,,,,53094,,,,,81111,,,,,159869,..,..,..,..,233200,,,,,347076,,,,,432797,,,,,436787,,,,,441525,,,
Samoa,"International migrant stock, total",3430,,,,,3442,,,,,3373,,,,,3742,,,,,4347,,,,,2422,,,,,3357,..,..,..,..,4694,,,,,5998,,,,,5746,,,,,5122,,,,,4929,,,
San Marino,"International migrant stock, total",7527,,,,,7718,,,,,7914,,,,,8115,,,,,8320,,,,,8530,,,,,3310,..,..,..,..,3659,,,,,4045,,,,,4218,,,,,4399,,,,,4717,,,
Sao Tome and Principe,"International migrant stock, total",7436,,,,,7253,,,,,7074,,,,,6900,,,,,6730,,,,,6252,,,,,5582,..,..,..,..,4936,,,,,4365,,,,,3433,,,,,2700,,,,,2394,,,
Saudi Arabia,"International migrant stock, total",63389,,,,,155823,,,,,356996,,,,,928827,,,,,1920478,,,,,3401020,,,,,4998445,..,..,..,..,5122702,,,,,5263387,,,,,6501819,,,,,8429956,,,,,10185945,,,
Senegal,"International migrant stock, total",168020,,,,,174824,,,,,175917,,,,,154812,,,,,119128,,,,,170026,,,,,270410,..,..,..,..,287654,,,,,231901,,,,,238298,,,,,256092,,,,,263242,,,
Serbia,"International migrant stock, total",..,,,,,..,,,,,..,,,,,..,,,,,..,,,,,..,,,,,99269,..,..,..,..,630221,,,,,856763,,,,,845120,,,,,826066,,,,,807441,,,
Seychelles,"International migrant stock, total",845,,,,,1455,,,,,2506,,,,,2934,,,,,3176,,,,,3438,,,,,3721,..,..,..,..,5148,,,,,6574,,,,,8997,,,,,11420,,,,,12791,,,
Sierra Leone,"International migrant stock, total",45915,,,,,58809,,,,,75574,,,,,93741,,,,,93033,,,,,92441,,,,,222242,..,..,..,..,105374,,,,,98241,,,,,149615,,,,,97452,,,,,91213,,,
Singapore,"International migrant stock, total",519246,,,,,525047,,,,,530873,,,,,529006,,,,,527453,,,,,619330,,,,,727262,..,..,..,..,991492,,,,,1351691,,,,,1710594,,,,,2164794,,,,,2543638,,,
Sint Maarten (Dutch part),"International migrant stock, total",..,,,,,..,,,,,..,,,,,..,,,,,..,,,,,..,,,,,..,..,..,..,..,..,,,,,..,,,,,13100,,,,,26200,,,,,27295,,,
Slovak Republic,"International migrant stock, total",..,,,,,..,,,,,..,,,,,..,,,,,..,,,,,..,,,,,41295,..,..,..,..,69323,,,,,116376,,,,,130491,,,,,146319,,,,,177190,,,
Slovenia,"International migrant stock, total",..,,,,,..,,,,,..,,,,,..,,,,,..,,,,,..,,,,,178077,..,..,..,..,174419,,,,,171018,,,,,197276,,,,,253786,,,,,235966,,,
Solomon Islands,"International migrant stock, total",3715,,,,,3895,,,,,4084,,,,,4282,,,,,4289,,,,,4270,,,,,4226,..,..,..,..,4178,,,,,3981,,,,,3271,,,,,2760,,,,,2585,,,
Somalia,"International migrant stock, total",11356,,,,,12136,,,,,13041,,,,,14048,,,,,1605620,,,,,774569,,,,,478294,..,..,..,..,19527,,,,,20087,,,,,20670,,,,,23995,,,,,25291,,,
South Africa,"International migrant stock, total",927656,,,,,945162,,,,,961496,,,,,962371,,,,,983303,,,,,1808198,,,,,1163883,..,..,..,..,1003807,,,,,1001825,,,,,1210936,,,,,1943099,,,,,3142511,,,
South Sudan,"International migrant stock, total",..,,,,,..,,,,,..,,,,,..,,,,,..,,,,,..,,,,,..,..,..,..,..,..,,,,,..,,,,,..,,,,,257905,,,,,824122,,,
Spain,"International migrant stock, total",210897,,,,,272201,,,,,355727,,,,,465542,,,,,609354,,,,,716881,,,,,821605,..,..,..,..,1020067,,,,,1657285,,,,,4107226,,,,,6280065,,,,,5852953,,,
Sri Lanka,"International migrant stock, total",1005317,,,,,1026891,,,,,1085423,,,,,885875,,,,,661917,,,,,494578,,,,,41561,..,..,..,..,40841,,,,,40132,,,,,39526,,,,,38959,,,,,38706,,,
St. Kitts and Nevis,"International migrant stock, total",3537,,,,,3103,,,,,2735,,,,,2664,,,,,2604,,,,,2908,,,,,3210,..,..,..,..,4248,,,,,5871,,,,,6682,,,,,7245,,,,,7443,,,
St. Lucia,"International migrant stock, total",2448,,,,,2681,,,,,2937,,,,,3217,,,,,3534,,,,,4343,,,,,5305,..,..,..,..,7152,,,,,9868,,,,,11468,,,,,12100,,,,,12771,,,
St. Martin (French part),"International migrant stock, total",..,,,,,..,,,,,..,,,,,..,,,,,..,,,,,..,,,,,..,..,..,..,..,..,,,,,..,,,,,..,,,,,..,,,,,..,,,
St. Vincent and the Grenadines,"International migrant stock, total",2494,,,,,2391,,,,,2293,,,,,2199,,,,,2129,,,,,2920,,,,,3970,..,..,..,..,4135,,,,,4307,,,,,4395,,,,,4485,,,,,4577,,,
Sudan,"International migrant stock, total",241992,,,,,236369,,,,,279972,,,,,321780,,,,,718515,,,,,1407776,,,,,1402896,..,..,..,..,1053396,,,,,801883,,,,,541994,,,,,578363,,,,,503477,,,
Suriname,"International migrant stock, total",22463,,,,,19132,,,,,16294,,,,,13878,,,,,11820,,,,,14598,,,,,18031,..,..,..,..,22270,,,,,27506,,,,,33664,,,,,39713,,,,,46836,,,
Sweden,"International migrant stock, total",295618,,,,,393687,,,,,527153,,,,,578054,,,,,624824,,,,,654158,,,,,788767,..,..,..,..,936022,,,,,1003798,,,,,1125790,,,,,1384929,,,,,1639771,,,
Switzerland,"International migrant stock, total",714235,,,,,887150,,,,,1091990,,,,,1089203,,,,,1065788,,,,,1203202,,,,,1392282,..,..,..,..,1478829,,,,,1570756,,,,,1805437,,,,,2075182,,,,,2438702,,,
Syrian Arab Republic,"International migrant stock, total",276050,,,,,319431,,,,,367760,,,,,429290,,,,,497764,,,,,627729,,,,,714140,..,..,..,..,830610,,,,,832273,,,,,876410,,,,,1661922,,,,,875189,,,
Tajikistan,"International migrant stock, total",..,,,,,..,,,,,..,,,,,..,,,,,..,,,,,..,,,,,428900,..,..,..,..,348347,,,,,299266,,,,,280444,,,,,278152,,,,,275059,,,
Tanzania,"International migrant stock, total",477027,,,,,486241,,,,,505143,,,,,607887,,,,,557173,,,,,547608,,,,,574025,..,..,..,..,1106043,,,,,928180,,,,,770846,,,,,308600,,,,,261222,,,
Thailand,"International migrant stock, total",484839,,,,,409954,,,,,347394,,,,,344715,,,,,479387,,,,,406658,,,,,528693,..,..,..,..,809720,,,,,1257821,,,,,2163447,,,,,3224131,,,,,3913258,,,
Timor-Leste,"International migrant stock, total",7148,,,,,7705,,,,,8306,,,,,8953,,,,,7706,,,,,8307,,,,,8954,..,..,..,..,9743,,,,,10602,,,,,11286,,,,,10983,,,,,10834,,,
Togo,"International migrant stock, total",101291,,,,,121155,,,,,144915,,,,,148584,,,,,152345,,,,,156202,,,,,84844,..,..,..,..,101583,,,,,137891,,,,,203379,,,,,255262,,,,,276844,,,
Tonga,"International migrant stock, total",121,,,,,236,,,,,460,,,,,895,,,,,1741,,,,,3386,,,,,2911,..,..,..,..,3274,,,,,3684,,,,,4301,,,,,5022,,,,,5731,,,
Trinidad and Tobago,"International migrant stock, total",81018,,,,,70004,,,,,60495,,,,,61092,,,,,61514,,,,,55736,,,,,50666,..,..,..,..,45994,,,,,41753,,,,,44812,,,,,48226,,,,,49883,,,
Tunisia,"International migrant stock, total",169202,,,,,76356,,,,,51436,,,,,37912,,,,,37985,,,,,38029,,,,,37984,..,..,..,..,37867,,,,,36446,,,,,35040,,,,,43172,,,,,56701,,,
Turkey,"International migrant stock, total",947635,,,,,926865,,,,,376394,,,,,144529,,,,,784193,,,,,933014,,,,,1163686,..,..,..,..,1216173,,,,,1280963,,,,,1319236,,,,,1367034,,,,,2964916,,,
Turkmenistan,"International migrant stock, total",..,,,,,..,,,,,..,,,,,..,,,,,..,,,,,..,,,,,306500,..,..,..,..,273565,,,,,218498,,,,,213051,,,,,197979,,,,,196386,,,
Turks and Caicos Islands,"International migrant stock, total",180,,,,,291,,,,,469,,,,,756,,,,,1225,,,,,2506,,,,,5062,..,..,..,..,7039,,,,,9015,,,,,9945,,,,,10875,,,,,11688,,,
Tuvalu,"International migrant stock, total",372,,,,,363,,,,,355,,,,,347,,,,,339,,,,,331,,,,,318,..,..,..,..,263,,,,,217,,,,,183,,,,,154,,,,,141,,,
Uganda,"International migrant stock, total",771730,,,,,907723,,,,,948875,,,,,774582,,,,,676609,,,,,633291,,,,,558307,..,..,..,..,634620,,,,,634703,,,,,652968,,,,,529160,,,,,749471,,,
Ukraine,"International migrant stock, total",..,,,,,..,,,,,..,,,,,..,,,,,..,,,,,..,,,,,6892920,..,..,..,..,6172338,,,,,5527087,,,,,5050302,,,,,4818767,,,,,4834898,,,
United Arab Emirates,"International migrant stock, total",2194,,,,,25981,,,,,65827,,,,,312400,,,,,718479,,,,,1007837,,,,,1306574,..,..,..,..,1824118,,,,,2446675,,,,,3281036,,,,,7316611,,,,,8095126,,,
United Kingdom,"International migrant stock, total",1661888,,,,,2541943,,,,,2945896,,,,,3147977,,,,,3356904,,,,,3535927,,,,,3650286,..,..,..,..,4155293,,,,,4730165,,,,,5926156,,,,,7604583,,,,,8543120,,,
United States,"International migrant stock, total",10825599,,,,,11354439,,,,,11973787,,,,,13991349,,,,,16364410,,,,,19491741,,,,,23251026,..,..,..,..,28451053,,,,,34814053,,,,,39258293,,,,,44183643,,,,,46627102,,,
Uruguay,"International migrant stock, total",192155,,,,,195019,,,,,159962,,,,,131446,,,,,116786,,,,,103762,,,,,98116,..,..,..,..,93428,,,,,88871,,,,,82318,,,,,76263,,,,,71799,,,
Uzbekistan,"International migrant stock, total",..,,,,,..,,,,,..,,,,,..,,,,,..,,,,,..,,,,,1653000,..,..,..,..,1512577,,,,,1405250,,,,,1329345,,,,,1220149,,,,,1170899,,,
Vanuatu,"International migrant stock, total",2832,,,,,3059,,,,,3304,,,,,3569,,,,,3511,,,,,2752,,,,,2308,..,..,..,..,2461,,,,,2626,,,,,2800,,,,,2991,,,,,3187,,,
"Venezuela, RB","International migrant stock, total",509504,,,,,563247,,,,,589283,,,,,731423,,,,,966364,,,,,1032566,,,,,1025009,..,..,..,..,1019996,,,,,1013663,,,,,1070562,,,,,1331488,,,,,1404448,,,
Vietnam,"International migrant stock, total",4010,,,,,4216,,,,,4433,,,,,4661,,,,,38901,,,,,28153,,,,,28118,..,..,..,..,51262,,,,,56754,,,,,51768,,,,,61756,,,,,72793,,,
Virgin Islands (U.S.),"International migrant stock, total",12069,,,,,20342,,,,,33704,,,,,40390,,,,,48065,,,,,50029,,,,,51970,..,..,..,..,54241,,,,,56611,,,,,56647,,,,,56684,,,,,56721,,,
West Bank and Gaza,"International migrant stock, total",..,,,,,..,,,,,..,,,,,..,,,,,..,,,,,..,,,,,288332,..,..,..,..,281767,,,,,275202,,,,,266617,,,,,258032,,,,,255507,,,
"Yemen, Rep.","International migrant stock, total",159146,,,,,177076,,,,,197025,,,,,219222,,,,,259374,,,,,276039,,,,,118863,..,..,..,..,136515,,,,,143495,,,,,171073,,,,,285837,,,,,344131,,,
Zambia,"International migrant stock, total",360835,,,,,325507,,,,,303465,,,,,297072,,,,,278798,,,,,281906,,,,,279029,..,..,..,..,244338,,,,,321167,,,,,252749,,,,,149637,,,,,127915,,,
Zimbabwe,"International migrant stock, total",387173,,,,,448754,,,,,499069,,,,,484678,,,,,470728,,,,,513780,,,,,626821,..,..,..,..,431226,,,,,410041,,,,,392693,,,,,397891,,,,,398866,,,
Arab World,"International migrant stock, total",3324685,,,,,3349209,,,,,4012340,,,,,5495961,,,,,9834213,,,,,12733497,,,,,14168146,..,..,..,..,14871274,,,,,16216741,,,,,19323851,,,,,28555399,,,,,34764700,,,
Caribbean small states,"International migrant stock, total",187880,,,,,185362,,,,,190217,,,,,183279,,,,,181109,,,,,194282,,,,,205846,..,..,..,..,230403,,,,,257852,,,,,290233,,,,,321650,,,,,349562,,,
Central Europe and the Baltics,"International migrant stock, total",3294191,,,,,3075673,,,,,2830332,,,,,2470240,,,,,2136842,,,,,1850311,,,,,3815082,..,..,..,..,3665285,,,,,3279999,,,,,3336747,,,,,3374888,,,,,3394733,,,
Early-demographic dividend,"International migrant stock, total",30137637,,,,,29105070,,,,,27960372,,,,,27585627,,,,,30462688,,,,,37042383,,,,,42323294,..,..,..,..,37838479,,,,,38155943,,,,,39296469,,,,,45133896,,,,,50581758,,,
East Asia & Pacific,"International migrant stock, total",8810669,,,,,9065287,,,,,9747795,,,,,9777213,,,,,10464877,,,,,10905673,,,,,11562099,..,..,..,..,13375683,,,,,15674381,,,,,18768866,,,,,22841512,,,,,25557256,,,
East Asia & Pacific (excluding high income),"International migrant stock, total",3654785,,,,,3358527,,,,,3526661,,,,,2894083,,,,,2860501,,,,,2716501,,,,,2583562,..,..,..,..,3202727,,,,,4120191,,,,,5536825,,,,,7395657,,,,,8357168,,,
East Asia & Pacific (IDA & IBRD countries),"International migrant stock, total",3627647,,,,,3328131,,,,,3491275,,,,,2853395,,,,,2815900,,,,,2667879,,,,,2530977,..,..,..,..,3149235,,,,,4065406,,,,,5478538,,,,,7333879,,,,,8291158,,,
Euro area,"International migrant stock, total",6146651,,,,,7391692,,,,,8519702,,,,,9537875,,,,,10545351,,,,,11358050,,,,,20064759,..,..,..,..,22768012,,,,,26129209,,,,,33016886,,,,,39519428,,,,,40935248,,,
Europe & Central Asia,"International migrant stock, total",13362297,,,,,15548394,,,,,16671090,,,,,17408604,,,,,19024605,,,,,20105272,,,,,58408632,..,..,..,..,61316132,,,,,64005283,,,,,71714401,,,,,79845132,,,,,85288550,,,
Europe & Central Asia (excluding high income),"International migrant stock, total",1347709,,,,,1328285,,,,,735465,,,,,461893,,,,,1066937,,,,,1187183,,,,,29836824,..,..,..,..,29125371,,,,,27780057,,,,,26818942,,,,,25929753,,,,,28128832,,,
Europe & Central Asia (IDA & IBRD countries),"International migrant stock, total",3772590,,,,,3577953,,,,,2823492,,,,,2269872,,,,,2611726,,,,,2507095,,,,,31440033,..,..,..,..,30764181,,,,,29190606,,,,,28120724,,,,,27145418,,,,,29325118,,,
European Union,"International migrant stock, total",11492337,,,,,13502949,,,,,14940525,,,,,15872830,,,,,16827690,,,,,17594239,,,,,26957449,..,..,..,..,30456543,,,,,34332802,,,,,42706560,,,,,51301015,,,,,54070726,,,
Fragile and conflict affected situations,"International migrant stock, total",4635265,,,,,5451809,,,,,6111563,,,,,6451874,,,,,9020279,,,,,9144619,,,,,8876708,..,..,..,..,9819937,,,,,8603470,,,,,8680442,,,,,10439570,,,,,12225004,,,
Heavily indebted poor countries (HIPC),"International migrant stock, total",6384593,,,,,7012884,,,,,7427899,,,,,7540901,,,,,9846539,,,,,9999691,,,,,12008148,..,..,..,..,12557332,,,,,10632626,,,,,10419014,,,,,10450770,,,,,11941421,,,
High income,"International migrant stock, total",32761862,,,,,36765838,,,,,40531724,,,,,45637638,,,,,51911928,,,,,59131390,,,,,75764201,..,..,..,..,87365716,,,,,101030088,,,,,119364058,,,,,144398449,,,,,157682028,,,
IBRD only,"International migrant stock, total",25874835,,,,,24758255,,,,,23843299,,,,,22888585,,,,,23879273,,,,,26553302,,,,,52688929,..,..,..,..,51254646,,,,,50847935,,,,,52142732,,,,,55337146,,,,,62735304,,,
IDA & IBRD total,"International migrant stock, total",41342509,,,,,40424256,,,,,39569771,,,,,38476218,,,,,42869087,,,,,46241124,,,,,78070527,..,..,..,..,74739613,,,,,72738421,,,,,72943636,,,,,78412893,,,,,87196231,,,
IDA blend,"International migrant stock, total",7161732,,,,,6672175,,,,,6264347,,,,,6288547,,,,,7344614,,,,,7737394,,,,,10267704,..,..,..,..,7594210,,,,,8057815,,,,,7151387,,,,,8382633,,,,,8514113,,,
IDA only,"International migrant stock, total",8305942,,,,,8993826,,,,,9462125,,,,,9299086,,,,,11645200,,,,,11950428,,,,,15113894,..,..,..,..,15890757,,,,,13832671,,,,,13649517,,,,,14693114,,,,,15946814,,,
IDA total,"International migrant stock, total",15467674,,,,,15666001,,,,,15726472,,,,,15587633,,,,,18989814,,,,,19687822,,,,,25381598,..,..,..,..,23484967,,,,,21890486,,,,,20800904,,,,,23075747,,,,,24460927,,,
Late-demographic dividend,"International migrant stock, total",7702020,,,,,7623435,,,,,8195912,,,,,8173521,,,,,8835172,,,,,9314147,,,,,28119318,..,..,..,..,29407057,,,,,30615531,,,,,33431529,,,,,40591170,,,,,46599687,,,
Latin America & Caribbean,"International migrant stock, total",6097596,,,,,5938660,,,,,5762919,,,,,5757439,,,,,6009936,,,,,6200740,,,,,6957619,..,..,..,..,6455289,,,,,6311653,,,,,6944332,,,,,7968729,,,,,8946249,,,
Latin America & Caribbean (excluding high income),"International migrant stock, total",5535989,,,,,5331919,,,,,5104281,,,,,5090436,,,,,5309936,,,,,5465738,,,,,6161667,..,..,..,..,5576939,,,,,5344388,,,,,5818774,,,,,6688980,,,,,7555679,,,
Latin America & the Caribbean (IDA & IBRD countries),"International migrant stock, total",5847076,,,,,5629817,,,,,5353269,,,,,5339038,,,,,5562747,,,,,5734915,,,,,6461378,..,..,..,..,5925237,,,,,5746878,,,,,6351251,,,,,7359053,,,,,8353697,,,
Least developed countries: UN classification,"International migrant stock, total",6763999,,,,,7297329,,,,,7541223,,,,,7074320,,,,,9224904,,,,,9139505,,,,,11073226,..,..,..,..,11708074,,,,,10073307,,,,,9803046,,,,,10009470,,,,,11940491,,,
Low & middle income,"International migrant stock, total",39123084,,,,,38450296,,,,,37850142,,,,,37083344,,,,,41804942,,,,,45482815,,,,,76504803,..,..,..,..,73082616,,,,,71248795,,,,,71425284,,,,,76835545,,,,,85510653,,,
Low income,"International migrant stock, total",4763013,,,,,5399763,,,,,5680762,,,,,5552254,,,,,7343084,,,,,6633639,,,,,8884567,..,..,..,..,9870564,,,,,8352023,,,,,8288052,,,,,9131629,,,,,10202358,,,
Lower middle income,"International migrant stock, total",23653848,,,,,22538712,,,,,21733365,,,,,21226213,,,,,22613637,,,,,23247814,,,,,32296830,..,..,..,..,28069091,,,,,26826695,,,,,24879420,,,,,25613902,,,,,26043775,,,
Middle East & North Africa,"International migrant stock, total",4293431,,,,,4434237,,,,,5200860,,,,,6738474,,,,,9454460,,,,,14876020,,,,,18100609,..,..,..,..,18442443,,,,,20000241,,,,,23172852,,,,,32601004,,,,,38864804,,,
Middle East & North Africa (excluding high income),"International migrant stock, total",2865145,,,,,2589538,,,,,2726437,,,,,3124143,,,,,3996929,,,,,6997547,,,,,8286453,..,..,..,..,7656449,,,,,8067043,,,,,8426403,,,,,10068711,,,,,11427673,,,
Middle East & North Africa (IDA & IBRD countries),"International migrant stock, total",2374895,,,,,2044873,,,,,2141931,,,,,2498190,,,,,3304899,,,,,6211951,,,,,7998121,..,..,..,..,7374682,,,,,7791841,,,,,8159786,,,,,9810679,,,,,11172166,,,
Middle income,"International migrant stock, total",34360071,,,,,33050533,,,,,32169380,,,,,31531090,,,,,34461858,,,,,38849176,,,,,67620236,..,..,..,..,63212052,,,,,62896772,,,,,63137232,,,,,67703916,,,,,75308295,,,
North America,"International migrant stock, total",13600652,,,,,14386074,,,,,15239398,,,,,17523529,,,,,20189177,,,,,23407216,,,,,27600027,..,..,..,..,33332507,,,,,40343635,,,,,45355554,,,,,51213753,,,,,54481730,,,
Not classified,"International migrant stock, total",..,,,,,..,,,,,..,,,,,..,,,,,..,,,,,..,,,,,..,..,..,..,..,..,,,,,..,,,,,..,,,,,..,,,,,..,,,
OECD members,"International migrant stock, total",30802313,,,,,34281364,,,,,36832922,,,,,40404870,,,,,45218695,,,,,50166055,,,,,64636059,..,..,..,..,74432259,,,,,86524116,,,,,101719731,,,,,118646904,,,,,128421653,,,
Other small states,"International migrant stock, total",298708,,,,,390033,,,,,475758,,,,,610742,,,,,846943,,,,,1070151,,,,,1702222,..,..,..,..,1784954,,,,,1911587,,,,,2452150,,,,,3791960,,,,,4185638,,,
Pacific island small states,"International migrant stock, total",38580,,,,,37370,,,,,36910,,,,,37989,,,,,39496,,,,,38771,,,,,39024,..,..,..,..,42270,,,,,45219,,,,,44841,,,,,46061,,,,,48359,,,
Post-demographic dividend,"International migrant stock, total",28246654,,,,,31902367,,,,,35064519,,,,,39181065,,,,,43723484,,,,,48652390,,,,,70533191,..,..,..,..,80577945,,,,,92403421,,,,,107100145,,,,,123872097,,,,,132210514,,,
Pre-demographic dividend,"International migrant stock, total",5671764,,,,,6436152,,,,,6980344,,,,,7578542,,,,,10471045,,,,,9360790,,,,,10996437,..,..,..,..,12305333,,,,,10751023,,,,,10569263,,,,,11189410,,,,,13348827,,,
Small states,"International migrant stock, total",525168,,,,,612765,,,,,702885,,,,,832010,,,,,1067548,,,,,1303204,,,,,1947092,..,..,..,..,2057627,,,,,2214658,,,,,2787224,,,,,4159671,,,,,4583559,,,
South Asia,"International migrant stock, total",17823042,,,,,17168196,,,,,16513007,,,,,15613689,,,,,15654494,,,,,16148912,,,,,15144742,..,..,..,..,12405351,,,,,12474215,,,,,11153081,,,,,11565030,,,,,11377262,,,
South Asia (IDA & IBRD),"International migrant stock, total",17823042,,,,,17168196,,,,,16513007,,,,,15613689,,,,,15654494,,,,,16148912,,,,,15144742,..,..,..,..,12405351,,,,,12474215,,,,,11153081,,,,,11565030,,,,,11377262,,,
Sub-Saharan Africa,"International migrant stock, total",7897259,,,,,8675286,,,,,9246797,,,,,9902034,,,,,12919321,,,,,12970372,,,,,14495276,..,..,..,..,15120927,,,,,13469475,,,,,13680256,,,,,15198834,,,,,18676830,,,
Sub-Saharan Africa (excluding high income),"International migrant stock, total",7896414,,,,,8673831,,,,,9244291,,,,,9899100,,,,,12916145,,,,,12966934,,,,,14491555,..,..,..,..,15115779,,,,,13462901,,,,,13671259,,,,,15187414,,,,,18664039,,,
Sub-Saharan Africa (IDA & IBRD countries),"International migrant stock, total",7897259,,,,,8675286,,,,,9246797,,,,,9902034,,,,,12919321,,,,,12970372,,,,,14495276,..,..,..,..,15120927,,,,,13469475,,,,,13680256,,,,,15198834,,,,,18676830,,,
Upper middle income,"International migrant stock, total",10706223,,,,,10511821,,,,,10436015,,,,,10304877,,,,,11848221,,,,,15601362,,,,,35323406,..,..,..,..,35142961,,,,,36070077,,,,,38257812,,,,,42090014,,,,,49264520,,,
World,"International migrant stock, total",71884946,,,,,75216134,,,,,78381866,,,,,82720982,,,,,93716870,,,,,104614205,,,,,152269004,..,..,..,..,160448332,,,,,172278883,,,,,190789342,,,,,221233994,,,,,243192681,,,